,Single Step,Single Step,Single Step,Multi-Step,Multi-Step,Multi-Step
,MAE,RMSE,MAPE,MAE,RMSE,MAPE
Ticker,,,,,,
AAPL,2.784284622716645,3.8295850530360154,3.941740140312639,4.5899930662628154,6.819036439262053,6.730061256470343
MSFT,4.521876647286993,6.260130597245319,2.83581765688137,8.995080404098784,11.290348333562827,5.731923402150958
GOOG,3.5874309367340254,4.157296146651766,5.339918379443442,3.024659449212258,4.121690854735561,4.5730649311083615
Average,,,4.039158725545817,,,5.678349863243221
