,Single Step,Single Step,Single Step,Multi-Step,Multi-Step,Multi-Step,Multi-Step
,MAE,RMSE,MAPE,MAE,RMSE,MAPE,Coverage Rate (%)
Ticker,,,,,,,
SPY,4.145702855013609,5.83394063552024,0.922137458951714,8.416621034943326,10.911423611500016,1.871274726561668,59.796042617960424
AAPL,3.3045355115397603,4.409692260695412,1.879287266837544,5.737455870034889,7.670562517535818,3.202389373968385,62.20015220700152
MSFT,5.3494816457953815,6.932552214698206,1.6562878504519478,9.491229983823864,12.663193210517218,2.8046294515123797,61.58295281582953
Average,,,1.485904192080402,,,2.626097850680811,61.193049213597156
