,Single Step,Single Step,Single Step,Multi-Step,Multi-Step,Multi-Step,Multi-Step
,MAE,RMSE,MAPE,MAE,RMSE,MAPE,Coverage Rate (%)
Ticker,,,,,,,
SPY,3.92363439975719,5.384485521003102,0.8756249765041583,9.757492555317851,12.75800446913872,2.1587878324067002,83.36591478696742
AAPL,2.954700028128574,4.099680566681967,1.670336296130657,7.2772501633174755,9.787463827853575,4.039271114717032,84.09273182957394
MSFT,5.269955702858569,6.856662886668323,1.6338132718669653,12.172895692354567,15.669626075673529,3.7626019799834216,84.47117794486215
Average,,,1.3932581815005936,,,3.3202203090357174,83.9766081871345
