,Single Step,Single Step,Single Step,Multi-Step,Multi-Step,Multi-Step
,MAE,RMSE,MAPE,MAE,RMSE,MAPE
Ticker,,,,,,
SPY,7.076304534257736,10.073957081850057,2.4911715183561682,10.548135902768092,13.538121727964464,3.7263076218823574
AAPL,6.527867441753663,9.006736001094612,7.789259967556342,9.859896406294807,13.479913947541958,11.703374170763688
MSFT,12.198903788367675,14.94510370168884,7.267062637213932,10.990723272353884,14.47710662480252,6.391152597772074
Average,,,5.849164707708813,,,7.273611463472707
