,Single Step,Single Step,Single Step,Multi-Step,Multi-Step,Multi-Step
,MAE,RMSE,MAPE,MAE,RMSE,MAPE
Ticker,,,,,,
SPY,3.8828518474925153,5.338929686769565,0.867410311410448,10.081721222857764,13.476859911826486,2.265083701349581
AAPL,2.6989119453802846,3.6997911656961637,1.5111786961726232,7.266356185581206,9.617241689163924,4.012796834956304
MSFT,4.918336093314731,6.517674871235705,1.522133666423463,10.825920313659815,14.103401080026531,3.3712142604308264
Average,,,1.3002408913355115,,,3.2163649322455705
