,Single Step,Single Step,Single Step,Multi-Step,Multi-Step,Multi-Step
,MAE,RMSE,MAPE,MAE,RMSE,MAPE
Ticker,,,,,,
SPY,3.9417192589842354,5.476312731410955,0.8766110306812155,9.839938111255476,12.705768641861932,2.1730409819615746
AAPL,3.0260259200368353,4.193510138669965,1.7079284334580658,6.654223220422035,8.892385285264355,3.679089345345344
MSFT,5.074232219781057,6.774243772909757,1.590122924886372,11.163659652637888,14.42368953986011,3.4472333456059956
Average,,,1.3915541296752176,,,3.0997878909709713
