,Single Step,Single Step,Single Step,Multi-Step,Multi-Step,Multi-Step
,MAE,RMSE,MAPE,MAE,RMSE,MAPE
Ticker,,,,,,
AAPL,2.360120017963982,3.5824813925344894,3.5065069877762123,3.6852842246784885,5.018444234916358,5.3288942722983315
MSFT,6.343500202861875,8.160340944925174,3.9403546725390792,4.909739651399501,7.271240223600142,3.2283477555491635
GOOG,2.056191601330721,2.6781116408285857,3.0809440744049996,3.236205981058231,4.133413820236494,4.791713178911547
Average,,,3.5092685782400967,,,4.449651735586348
