,Single Step,Single Step,Single Step,Multi-Step,Multi-Step,Multi-Step
,MAE,RMSE,MAPE,MAE,RMSE,MAPE
Ticker,,,,,,
SPY,2.8586399639992903,4.681179964722027,1.059260943874021,7.7400666879575315,12.437965085159059,2.8376948743094164
AAPL,1.4777904364113814,2.2680489043179315,2.01137803565268,3.879526236003616,5.760095175329706,5.2136456003729705
MSFT,2.3905839054982305,3.542978814207145,1.5330633477981555,5.6253504523254385,9.05270456551218,3.5826419268649072
Average,,,1.5345674424416191,,,3.877994133849098
