,Single Step,Single Step,Single Step,Multi-Step,Multi-Step,Multi-Step
,MAE,RMSE,MAPE,MAE,RMSE,MAPE
Ticker,,,,,,
SPY,4.052547659977448,5.478277669179619,0.8973592300883253,10.449046433839143,14.029951872106235,2.30772680895469
AAPL,2.960301029278047,4.046808740855934,1.6576340869753137,6.824843053240356,9.11921581022766,3.7541814119229437
MSFT,5.0960675857080995,6.70423344599554,1.574412821655288,11.653994795044401,14.908410658521317,3.5769585784634432
Average,,,1.3764687129063091,,,3.212955599780359
