,Single Step,Single Step,Single Step,Multi-Step,Multi-Step,Multi-Step
,MAE,RMSE,MAPE,MAE,RMSE,MAPE
Ticker,,,,,,
SPY,7.703539456075627,11.401784969300179,2.7292312676507837,10.71628411913675,14.385899573938985,3.774826665155335
AAPL,6.006861510100188,8.7934032489894,6.940911426994938,8.5901657210456,12.391661210313854,9.917333729446286
MSFT,9.708391780741731,13.323017904717682,5.511669725312405,17.898248257712705,22.818480523255648,10.33864042049423
Average,,,5.060604139986043,,,8.010266938365284
