,Single Step,Single Step,Single Step,Multi-Step,Multi-Step,Multi-Step
,MAE,RMSE,MAPE,MAE,RMSE,MAPE
Ticker,,,,,,
AAPL,2.885352915924238,4.050099176036597,3.934725839957277,3.4770651375546175,5.2141192641625596,5.065342183827594
MSFT,5.448082825589999,6.802278025230874,3.540848986177926,4.9346415393492755,7.306041965298287,3.2397706284863026
GOOG,2.823181918042478,3.3925331948524255,4.202417463375523,2.546571348695194,3.629749592795556,4.002287538089991
Average,,,3.8926640965035753,,,4.102466783467963
