,Single Step,Single Step,Single Step,Multi-Step,Multi-Step,Multi-Step
,MAE,RMSE,MAPE,MAE,RMSE,MAPE
Ticker,,,,,,
AAPL,3.02628135336243,4.110560001877749,4.235654653547522,4.75257743176292,6.031124860609077,6.725242638874073
MSFT,4.1591989196446235,5.662661795527607,2.8158217695692414,5.079614176469691,7.40800099261595,3.382563594606329
GOOG,1.8890091549423245,2.600317213574121,2.964096921402809,3.4152391637072816,4.268477876283086,5.0658838002097015
Average,,,3.338524448173191,,,5.057896677896701
