,Single Step,Single Step,Single Step,Multi-Step,Multi-Step,Multi-Step
,MAE,RMSE,MAPE,MAE,RMSE,MAPE
Ticker,,,,,,
AAPL,2.405455991113811,3.448921802252951,3.434664665267024,3.6902323265978967,4.728419203683216,5.26330057410236
MSFT,6.9902510548155306,8.64084674740758,4.423815107891554,4.786941611701672,6.79914395580619,3.1056032339867166
GOOG,2.7098240015950816,3.3243018691952315,4.0272540186981125,2.721849157336848,3.5240499010571242,4.031124922165068
Average,,,3.96191126395223,,,4.133342910084715
