,Single Step,Single Step,Single Step,Multi-Step,Multi-Step,Multi-Step
,MAE,RMSE,MAPE,MAE,RMSE,MAPE
Ticker,,,,,,
SPY,14.331722385934453,16.46930237788888,4.977101784133065,18.214794864351784,20.54852127905821,6.3626922768546965
AAPL,7.681540624904819,10.563189429208736,9.073417559609712,10.40058902104696,14.55705754258986,12.073528385959401
MSFT,19.02034012941357,24.31704398207588,10.882906366797936,16.936460019671728,22.110432232066564,9.69640697854638
Average,,,8.31114190351357,,,9.377542547120159
