,Single Step,Single Step,Single Step,Multi-Step,Multi-Step,Multi-Step,Multi-Step
,MAE,RMSE,MAPE,MAE,RMSE,MAPE,Coverage Rate (%)
Ticker,,,,,,,
SPY,4.113960636270376,5.840583436652834,0.914801622832719,9.430238868435593,12.633501805265837,2.0974643414518255,63.82957393483709
AAPL,3.0761884201521665,4.347778723993238,1.7326687508562562,6.765259696059472,9.11988261191373,3.7485181346693333,61.17042606516291
MSFT,5.615301726966619,7.5738842633754615,1.7746717943238641,11.86112470385344,15.183887695869922,3.6837179384102545,61.854636591478695
Average,,,1.4740473893376131,,,3.1765668048438047,62.284878863826236
