,Single Step,Single Step,Single Step,Multi-Step,Multi-Step,Multi-Step
,MAE,RMSE,MAPE,MAE,RMSE,MAPE
Ticker,,,,,,
AAPL,2.5225187581012305,3.5678786923654537,3.57082552899955,3.304283026745628,4.491305258120546,4.622329529318194
MSFT,4.617849960465112,6.307974666930526,2.9055376564783937,5.779390584532246,7.5972556505779405,3.686117979628409
GOOG,2.242559919305563,2.8416899382173426,3.3303063771788004,2.4983765857467235,3.271431029591407,3.7178417497887932
