,Single Step,Single Step,Single Step,Multi-Step,Multi-Step,Multi-Step,Multi-Step
,MAE,RMSE,MAPE,MAE,RMSE,MAPE,Coverage Rate (%)
Ticker,,,,,,,
SPY,4.0515401054330376,5.556332558302358,0.9024598442790086,9.51548748981773,12.620451606094992,2.1270178718516926,63.423558897243105
AAPL,2.9694383181290434,4.012094864150869,1.662758573311375,7.315734649776501,9.78108059982513,4.09085044110785,61.68421052631579
MSFT,5.184623141253544,6.712300909907923,1.6227939712796795,11.644094326194574,14.977311554850603,3.5617570582941904,59.982456140350884
Average,,,1.3960041296233543,,,3.2598751237512444,61.69674185463659
