,Single Step,Single Step,Single Step,Multi-Step,Multi-Step,Multi-Step
,MAE,RMSE,MAPE,MAE,RMSE,MAPE
Ticker,,,,,,
AAPL,2.6370583132421346,3.6401084875440666,3.7885370567718955,4.761206158488786,6.09719825732066,6.927144360659125
MSFT,13.45376323403329,15.251126642849547,8.571415254761447,5.882122228052709,8.360164037664918,3.8465238683925507
GOOG,2.467313618168477,3.124562494950725,3.638752184696284,3.6367863397356457,4.596279187077435,5.423281056309319
