,Single Step,Single Step,Single Step,Multi-Step,Multi-Step,Multi-Step
,MAE,RMSE,MAPE,MAE,RMSE,MAPE
Ticker,,,,,,
AAPL,2.4539685654597085,3.7527852921652043,3.585692022006901,5.738798353092569,7.190868121073642,8.147150815559096
MSFT,3.9922953876405685,5.639686283638199,2.556692542025187,5.567115555328577,8.18010522475413,3.6598593673137003
GOOG,1.7912989335292933,2.437826664051469,2.7201796630742203,3.170337896400126,4.219212926556647,4.761402805592567
