,Single Step,Single Step,Single Step,Multi-Step,Multi-Step,Multi-Step,Multi-Step
,MAE,RMSE,MAPE,MAE,RMSE,MAPE,Coverage Rate (%)
Ticker,,,,,,,
SPY,3.896881041670472,5.315647133890051,0.8605872226154687,9.84145179509885,12.630264638777653,2.16135810547977,31.669172932330824
AAPL,2.8149065454177222,3.8398051893245757,1.5857885619156582,6.963750803149192,9.032332882827275,3.884684476881199,35.30075187969925
MSFT,4.760146929490778,6.329520882264093,1.4639828377835897,11.811529321322968,15.519329703605782,3.687747625630713,35.94736842105263
Average,,,1.3034528741049056,,,3.244596735997227,34.30576441102757
