,Single Step,Single Step,Single Step,Multi-Step,Multi-Step,Multi-Step
,MAE,RMSE,MAPE,MAE,RMSE,MAPE
Ticker,,,,,,
SPY,5.281490857088113,7.673677580326194,1.940151341375106,8.16061333768508,11.720981697385945,3.010086958874099
Average,,,1.940151341375106,,,3.010086958874099
