,Single Step,Single Step,Single Step,Multi-Step,Multi-Step,Multi-Step
,MAE,RMSE,MAPE,MAE,RMSE,MAPE
Ticker,,,,,,
SPY,3.781113309281804,5.020001552824791,0.9860292747709255,10.423789138887294,14.76404135503016,2.7070730583782296
AAPL,2.671678273963882,3.553410289493884,1.9405467953636755,5.6509745478039894,7.568886270589231,4.001031134902122
MSFT,4.188016512258436,5.641554507364243,1.6559220088838251,10.782612788642748,14.305449630805933,4.200664644407772
Average,,,1.5274993596728088,,,3.6362562792293747
