,Single Step,Single Step,Single Step,Multi-Step,Multi-Step,Multi-Step
,MAE,RMSE,MAPE,MAE,RMSE,MAPE
Ticker,,,,,,
SPY,8.832998562045033,11.475235790031547,3.095602046257675,10.355189674619645,13.814990587173037,3.7059074912976517
AAPL,9.135329910189087,12.353707376782312,10.807407437141906,8.613002603016202,12.216392475263927,9.968934551858887
MSFT,13.18002549853706,16.871190053994468,7.6132756746816295,16.479206212361653,20.76348877142195,9.576571327657309
Average,,,7.172095052693737,,,7.7504711236046155
