,Single Step,Single Step,Single Step,Multi-Step,Multi-Step,Multi-Step
,MAE,RMSE,MAPE,MAE,RMSE,MAPE
Ticker,,,,,,
SPY,4.087881784436873,5.641908720690813,0.911164621322105,10.022746408735326,13.538939843530395,2.234591537427177
AAPL,2.8199388504502565,3.944030665495248,1.5970688286723502,7.140087703057962,9.460977618133196,3.951282504154584
MSFT,4.6658651925576615,6.290046578615619,1.43454203912829,11.276909700017395,14.635219016594492,3.366403452550469
Average,,,1.3142584963742483,,,3.184092498044077
