,Single Step,Single Step,Single Step,Multi-Step,Multi-Step,Multi-Step
,MAE,RMSE,MAPE,MAE,RMSE,MAPE
Ticker,,,,,,
SPY,4.035630396471713,5.581940873601564,0.9008251987187367,8.417788159701685,10.663812785351501,1.8664691051900741
AAPL,3.091410868719114,4.279056146286882,1.7496809427643063,5.754869126515728,7.738813699337031,3.2164043929778146
MSFT,5.183311137455661,6.81232496650381,1.6283006178506758,9.677338677733983,13.254972778706065,2.839060275315176
Average,,,1.4262689197779064,,,2.6406445911610215
