,Single Step,Single Step,Single Step,Multi-Step,Multi-Step,Multi-Step
,MAE,RMSE,MAPE,MAE,RMSE,MAPE
Ticker,,,,,,
SPY,3.976190537596203,5.430365581778638,0.8852391535071521,9.225324200524536,12.087212457116879,2.0359902037497775
AAPL,2.9396847365795185,4.00278593281671,1.6462443041522716,7.166990899627287,9.636156005929688,3.954086282058532
MSFT,5.249599047528834,6.941465687082845,1.6264284790765526,10.714599497505969,13.605761026241325,3.2840946060335803
Average,,,1.3859706455786587,,,3.0913903639472964
