,Single Step,Single Step,Single Step,Multi-Step,Multi-Step,Multi-Step
,MAE,RMSE,MAPE,MAE,RMSE,MAPE
Ticker,,,,,,
SPY,3.808662056109797,5.280999707857079,0.8484321364966237,8.361397223654095,10.738896159382868,1.8763819643144417
AAPL,2.723597707257224,3.809587170855423,1.527474184560983,5.8008864870316295,7.647282964772233,3.2682846476755603
MSFT,4.8676367431431355,6.368379155598149,1.522176298797355,9.739205585759814,13.110244034668074,2.8951756842939878
Average,,,1.2993608732849873,,,2.679947432094663
