,Single Step,Single Step,Single Step,Multi-Step,Multi-Step,Multi-Step
,MAE,RMSE,MAPE,MAE,RMSE,MAPE
Ticker,,,,,,
SPY,2.745901707256367,4.409560494598306,1.012769902608094,7.553778607939225,12.583592346153933,2.8271420087020362
AAPL,1.3917834250102232,2.1430207946592033,1.9024171862058712,3.555652854796995,5.892483558242999,4.784472681243366
MSFT,2.3577545731619187,3.538516643047781,1.51982240230715,5.327121142378631,8.058065716205572,3.3756470811511354
Average,,,1.4783364970403718,,,3.6624205903655125
