,Single Step,Single Step,Single Step,Multi-Step,Multi-Step,Multi-Step
,MAE,RMSE,MAPE,MAE,RMSE,MAPE
Ticker,,,,,,
SPY,2.9264955936639776,5.225636954385977,1.0835205638114065,6.739589543965335,10.38266150551612,2.47862423622955
AAPL,1.5197813478403137,2.3093468708610234,2.086823436777189,3.449725053357875,5.390865192646845,4.703915597092431
MSFT,2.3961254725328156,3.47392931958329,1.5379485554108272,5.634934479576405,8.725204101506005,3.609389398346685
Average,,,1.5694308519998075,,,3.5973097438895554
