,Single Step,Single Step,Single Step,Multi-Step,Multi-Step,Multi-Step
,MAE,RMSE,MAPE,MAE,RMSE,MAPE
Ticker,,,,,,
SPY,0.3770866805081042,0.5148801052958712,173.44758533650108,0.8541885952306946,1.1225074789678047,369.34228496473895
AAPL,0.4643042074897378,0.6646905720351091,266.17949434341955,1.0372633403840619,1.328438731297272,298.9681076859019
MSFT,0.4634029752384515,0.6236583526822823,235.3578803636963,0.9569462392902439,1.2496888767955,701.1442063862246
Average,,,224.99498668120563,,,456.4848663456218
