,Single Step,Single Step,Single Step,Multi-Step,Multi-Step,Multi-Step
,MAE,RMSE,MAPE,MAE,RMSE,MAPE
Ticker,,,,,,
SPY,2.912068380485332,4.695161195772563,1.0723041484442866,7.806175121434161,11.216563414310237,2.8323998233130054
AAPL,1.4406884504548632,2.186038382649676,1.9394993576622994,3.0033641278987298,4.033351861570473,4.193742970684887
MSFT,2.489061917256858,3.903702651683507,1.622562125666006,5.557106510211004,8.310977281882474,3.512020235894893
Average,,,1.5447885439241975,,,3.512721009964262
