,Single Step,Single Step,Single Step,Multi-Step,Multi-Step,Multi-Step
,MAE,RMSE,MAPE,MAE,RMSE,MAPE
Ticker,,,,,,
SPY,3.8040177123727,5.218872063095511,0.8452751287186047,9.415827909411052,12.764609637243161,2.0996704063488574
AAPL,2.710802518446089,3.726460144379053,1.5232304016084792,6.258180323496346,8.299100352441254,3.477050990557131
MSFT,4.76614677342714,6.345393229917042,1.4668619716595592,12.188879394933469,16.06348909811282,3.7182321052377345
Average,,,1.2784558339955476,,,3.098317834047908
