,Single Step,Single Step,Single Step,Multi-Step,Multi-Step,Multi-Step
,MAE,RMSE,MAPE,MAE,RMSE,MAPE
Ticker,,,,,,
SPY,10.6131468358328,12.965475657135075,3.6976057968179203,7.9941795772976345,12.088500792254251,2.909638858616163
AAPL,6.197775433635154,8.9740663445213,7.21270033369328,9.752558659750317,13.915022524916287,11.188555543115205
MSFT,12.065708985802724,15.246245113660652,7.083794331880899,16.12306835537865,20.611379847553774,9.287391078362624
Average,,,5.998033487464032,,,7.795195160031331
